"mot","count"
"match",144867
"leader",97775
"week-end",71309
"fit",71267
"taxe",70063
"définitivement",61663
"post",54437
"street",50788
"up",43478
"star",41481
"meeting",33207
"marketing",30841
"business",27018
"supporters",24353
"opportunité",24350
"news",23554
"design",22418
"British",22240
"start",21891
"librairie",20899
"top",20193
"show",19837
"gouvernance",19533
"black",19103
"Black",19103
"holding",18836
"start-up",18622
"DVD",17771
"open",17685
"UE",16606
"basket",16391
"die",14830
"ferry",14359
"off",13787
"stress",13641
"régulier",13629
"jet privé",13547
"suspense",13482
"jungle",13466
"box",13210
"set",12980
"flexibilité",12862
"US",12789
"out",12778
"gay",12770
"Foreign Office",12614
"house",12048
"leadership",11828
"boom",11817
"master",11719
"go",10797
"stopper",10437
"manager",10310
"boy",10016
"boxe",9828
"lobby",9808
"round",9572
"hip",9334
"baby",9316
"live",9113
"smartphone",9094
"pub",9079
"camping",8874
"western",8863
"fan",8667
"junior",8543
"pool",8312
"dam",8282
"cash",8146
"parker",7811
"look",7796
"FM",7795
"job",7779
"punk",7667
"charger",7591
"challenge",7450
"laser",7424
"coach",7364
"beach",7271
"offshore",7166
"designer",7142
"gang",7084
"deal",7032
"lobbying",6877
"footballeur",6852
"digital",6744
"ratio",6382
"break",6299
"conventionnel",6252
"short",5840
"thriller",5734
"taper",5712
"spot",5662
"patronage",5593
"hold-up",5534
"Ring",5503
"tank",5494
"challenger",5492
"game",5466
"Mr",5458
"cool",5434
"band",5381
"establishment",5333
"poker",5239
"cook",5198
"panel",5070
"best-seller",5043
"Jr.",5003
"dumping",5000
"pull",4889
"fashion",4863
"hard",4843
"dance",4610
"hyper",4408
"funk",4330
"soft",4267
"underground",4262
"light",4250
"think tank",4189
"attractif",4138
"remake",4123
"smart",4103
"sexy",4097
"fax",3946
"staff",3940
"girl",3902
"podcast",3869
"hot",3857
"racket",3848
"standing",3826
"bobby",3806
"low cost",3707
"kit",3638
"trader",3587
"hit",3495
"book",3484
"talk",3484
"yard",3462
"Mrs",3441
"Mrs.",3441
"contestant",3369
"boss",3363
"speaker",3358
"poster",3319
"gadget",3274
"call",3197
"romance",3128
"shopping",3122
"kodak",3101
"consulting",3078
"Big Bang",3074
"box office",3073
"fun",3070
"OK",3041
"faucon",3033
"buzz",3005
"store",2986
"stream",2976
"vintage",2966
"water",2934
"corner",2912
"supporteur",2911
"slim",2896
"cow-boy",2882
"vilain",2812
"check",2788
"bluff",2784
"charter",2768
"fair-play",2758
"trading",2753
"pick-up",2733
"burger",2726
"drive",2708
"questionner",2648
"Sud-Vietnam",2631
"gangster",2615
"must",2590
"VIP",2576
"beat",2573
"addiction",2543
"outsider",2536
"States",2525
"scoop",2505
"prime time",2501
"drastiquement",2479
"clash",2456
"jogging",2406
"sponsoring",2401
"sit-in",2382
"notifier",2378
"single",2348
"badge",2342
"KO",2298
"football américain",2231
"shop",2195
"asset",2190
"mister",2158
"win",2111
"quick",2109
"fast-food",2108
"gag",2107
"after",2092
"attorney",2083
"cruise",2061
"led",2052
"LED",2052
"bolt",2034
"living",2028
"care",2025
"show business",2016
"timing",2008
"computer",2003
"initier",1990
"warrior",1964
"Nord-Vietnam",1951
"shape",1948
"rush",1947
"snapchat",1937
"tower",1930
"fonctionnalité",1892
"run",1882
"barbecue",1843
"discount",1814
"ESA",1814
"twin",1813
"T-shirt",1788
"trip",1768
"pride",1749
"Big Brother",1745
"joker",1733
"hub",1702
"superstar",1701
"let",1696
"basique",1684
"coaching",1681
"fake news",1680
"slip",1680
"hit-parade",1675
"squat",1669
"pipeline",1668
"scout",1658
"copyright",1647
"sprinter",1643
"overdose",1636
"task force",1629
"rifle",1611
"battle",1604
"tag",1599
"switch",1588
"yes",1580
"killer",1571
"toast",1554
"cut",1547
"broadcasting",1544
"split",1528
"baby-boom",1522
"full",1511
"corporate",1509
"barman",1454
"primer",1452
"automation",1443
"slow",1442
"driver",1431
"steak",1420
"gun",1405
"trek",1401
"earl",1389
"talk-show",1369
"clean",1359
"leasing",1352
"come back",1346
"fuller",1341
"burn-out",1331
"dealer",1329
"selfie",1325
"step",1314
"businessman",1296
"chewing-gum",1290
"piper",1264
"sixties",1248
"soccer",1245
"goal",1243
"mature",1236
"rider",1228
"success story",1220
"lobbyiste",1217
"tie-break",1216
"impeachment",1207
"jet set",1201
"sitcom",1197
"new look",1193
"dope",1186
"spring",1184
"crown",1183
"K.-O.",1179
"fitness",1159
"crooner",1156
"travelling",1154
"ace",1153
"track",1146
"coat",1138
"NHS",1136
"random",1135
"blockchain",1126
"booker",1123
"geek",1116
"township",1107
"melting pot",1106
"one-man-show",1091
"briefing",1082
"skate",1077
"pull-over",1072
"jaber",1069
"soft power",1064
"bachelor",1061
"cross-country",1058
"because",1055
"snowboard",1054
"mag",1052
"bowling",1043
"process",1038
"versatile",1038
"stand-up",1023
"stand-by",1011
"queer",1007
"swap",991
"scotch",988
"raider",984
"fuse",979
"new age",973
"best of",972
"soap",969
"feeling",960
"breakfast",958
"pin-up",953
"sniper",952
"boogie",949
"strike",940
"reverse",934
"e-sport",931
"Thanksgiving",921
"blockbuster",913
"drugstore",904
"versus",901
"booster",897
"package",895
"making-of",891
"making of",891
"shot",891
"first lady",886
"vélocité",885
"condominium",881
"reporting",875
"cluster",870
"creek",870
"crew",854
"haddock",851
"happy few",850
"iconique",836
"roller",836
"lol",834
"runner",825
"test-match",822
"fuck",817
"has-been",817
"nymphe",809
"garden party",805
"seventies",797
"hood",794
"contrôlable",793
"rotary",787
"crowdfunding",764
"street art",757
"shoot",754
"highway",753
"revival",751
"turn-over",750
"caddie",747
"cutter",737
"belt",736
"cake",735
"popper",732
"preview",732
"jazzman",728
"app store",726
"blind",726
"CEO",725
"self-made-man",718
"fighter",714
"trail",713
"reach",703
"blank",702
"running",693
"pop culture",689
"coworking",688
"bean",680
"dash",679
"french touch",679
"zapper",678
"string",677
"open-space",674
"open space",674
"starlette",670
"resort",668
"biopic",667
"caméraman",667
"lounge",664
"star system",654
"patch",652
"Chinatown",651
"container",650
"et-ou",649
"mezzanine",646
"skin",643
"workshop",642
"XP",640
"hook",634
"dream team",629
"foreman",629
"globe-trotter",629
"cosy",622
"baby-sitter",620
"loser",615
"heavy metal",614
"cruiser",609
"fan-club",609
"ready-made",608
"gentrification",604
"friendly",601
"target",593
"mainstream",591
"class action",589
"chick",586
"serial killer",581
"lift",579
"sound system",579
"acter",577
"sweat-shirt",573
"top model",572
"downtown",570
"night-club",569
"collation",568
"testing",568
"crunch",567
"subprime",565
"spread",563
"winner",562
"starter",559
"condom",558
"print",555
"Black Friday",554
"tracker",552
"playlist",550
"indoor",543
"self-service",543
"attaché-case",533
"shooting",531
"standing ovation",530
"skateboard",529
"speech",529
"bye-bye",523
"bomber",522
"does",517
"gear",515
"IRL",509
"efficient",507
"smart city",506
"cover",505
"business model",502
"hooker",498
"maker",496
"kick",495
"hug",494
"brass",491
"sex appeal",490
"hard-discount",489
"push",489
"shaker",487
"blunt",486
"duty-free",486
"ultimate",476
"greenwashing",471
"cookie",470
"streetwear",470
"tip",470
"nurse",468
"fap",467
"flat tax",466
"golden boy",464
"knock-out",460
"piercing",458
"ferry-boat",457
"skinhead",455
"clearing",449
"insider",446
"brunch",445
"chip",444
"scope",443
"pop-up",442
"digitalisation",437
"post-it",436
"disc jockey",435
"mass start",433
"airbag",432
"brushing",430
"doping",429
"checkpoint",428
"railway",427
"performer",426
"rubber",424
"love story",420
"e-business",419
"freestyle",416
"outdoor",415
"drive-in",414
"fog",414
"groom",413
"cheap",412
"trekking",411
"shooter",410
"boy scout",408
"escalator",408
"dyke",405
"gimmick",403
"draft",402
"scan",400
"straight",398
"lead",397
"shift",397
"sponsoriser",395
"skip",394
"trend",394
"sextape",390
"truck",390
"squatter",387
"D-Day",386
"porn",386
"practice",385
"crush",382
"bad boy",381
"boulder",378
"mailing",375
"gangsta",372
"good morning",371
"roaming",370
"tracking",370
"disruption",368
"back office",367
"reality show",366
"tycoon",365
"reset",363
"wait and see",363
"unisexe",358
"fuel-oil",356
"steps",356
"wonderful",351
"mash",350
"QR code",349
"sex-shop",346
"sex shop",346
"surround",346
"dance music",344
"freak",344
"deck",343
"top-modèle",342
"fact-checking",341
"club-house",340
"flyer",340
"hooligan",340
"borderline",339
"décompresser",337
"stop and go",334
"broadcast",333
"sleeping",333
"window",330
"boost",329
"momentum",328
"nursery",328
"pay-per-view",327
"short-track",327
"tacler",326
"too much",326
"bookmaker",325
"e-cigarette",325
"voltage",323
"cocooning",322
"hotline",321
"broker",317
"skyline",316
"cops",315
"CTA",311
"clubbing",307
"follow",305
"beam",302
"sample",302
"boogie-woogie",301
"drums",301
"gameplay",300
"road trip",300
"cyborg",299
"beatnik",298
"jacket",297
"fifties",295
"hurricane",294
"background",290
"empowerment",289
"tuning",287
"cancel",286
"guidance",286
"embedded",285
"prioriser",285
"mobile home",283
"Big Apple",282
"rough",282
"shock",282
"shocking",282
"guest star",280
"moron",280
"surge",280
"home cinéma",275
"showman",274
"check-up",273
"goal average",271
"liner",271
"sex-symbol",271
"sex symbol",271
"addict",269
"impacter",269
"half-pipe",268
"peanuts",268
"dispatch",267
"drink",267
"bed and breakfast",266
"brief",266
"capturant",265
"crossover",264
"spin-off",264
"groupie",263
"prospect",262
"gloss",259
"hot-dog",257
"jingle",257
"bluffer",256
"item",256
"Pst",256
"auburn",255
"frame",255
"quarterback",254
"public relations",253
"street food",253
"backstage",252
"cracking",251
"American way of life",249
"cancel culture",248
"living-room",248
"débriefing",245
"bugle",243
"joke",243
"mug",243
"penthouse",243
"startup",243
"teasing",243
"deadline",242
"jumper",239
"MILF",239
"e-book",235
"passing-shot",235
"dip",234
"eighties",234
"body shop",232
"vegan",232
"faire du shopping",231
"street-artiste",231
"street artiste",231
"brainstorming",230
"input",230
"one-woman-show",230
"winch",228
"hoax",226
"release",226
"battle royale",225
"footballeuse",225
"jazz band",224
"junk-food",224
"junk food",224
"buggy",223
"gazer",223
"opex",222
"swinguer",221
"picnic",220
"OPEX",217
"disruptif",216
"relocation",216
"self-control",216
"mapping",215
"peep show",215
"house music",214
"make-up",214
"old school",213
"total look",213
"marshal",210
"sling",210
"stack",210
"frenchy",209
"story-board",209
"story board",209
"teaser",209
"dress-code",208
"dress code",208
"nerd",207
"rosebud",207
"birdie",206
"trimer",204
"black bloc",203
"Black Bloc",203
"caddy",203
"en stand-by",203
"crash-test",201
"crash test",201
"le fun",201
"speed-dating",199
"speed dating",199
"spoiler",199
"sill",197
"trillion",197
"borer",195
"mailings",195
"tough",193
"welter",193
"blackface",192
"funboard",191
"lore",191
"naming",191
"barmaid",187
"DZ",187
"paddle",187
"recorder",187
"rocking-chair",186
"maul",185
"sampling",185
"lapping",182
"mégastore",182
"overlord",181
"kitesurf",180
"free-to-play",179
"free to play",179
"drummer",178
"bitch",177
"access prime-time",174
"dancefloor",174
"nude",174
"bad trip",173
"body art",173
"outback",173
"blaxploitation",172
"slopestyle",172
"Memorial Day",171
"raggamuffin",171
"sweater",171
"footeux",169
"backlash",168
"bagel",168
"love-in",168
"outplacement",167
"bargain",166
"proactif",166
"CD-R",165
"freelance",165
"crédit revolving",163
"posse",161
"showrunner",161
"dancehall",160
"duffle-coat",160
"marketplace",160
"benchmarking",159
"outer",159
"revenge porn",159
"french flair",158
"au feeling",157
"coacher",157
"puff",157
"spin doctor",156
"freeride",155
"accommodation",154
"hackathon",154
"hash",154
"waterproof",154
"t-bone",153
"canyoning",152
"Beatlemania",151
"biker",151
"ice-cream",151
"ice cream",151
"legging",151
"binge drinking",150
"feedback",150
"flashback",150
"game over",150
"IED",150
"télémarketing",150
"boomer",149
"spoil",149
"opt-out",148
"pacemaker",148
"package-deal",148
"package deal",148
"barley",147
"catcher",147
"cold case",147
"skating",147
"blush",146
"custom",146
"nut",146
"outsourcing",146
"thunderbird",146
"escort-girl",145
"star-système",145
"acid jazz",144
"blaster",144
"branding",144
"click and collect",144
"bum",141
"BBA",140
"mop",140
"skeet",139
"chill",138
"food truck",138
"caméramen",137
"dealeur",137
"keynote",137
"MSG",137
"stock-option",137
"DIY",136
"fifty-fifty",136
"guess",136
"trailer",136
"gay-friendly",135
"medley",135
"nudge",135
"business angel",134
"teenager",134
"cashmere",133
"contact tracing",133
"one-shot",133
"one shot",133
"high-life",132
"topless",132
"trendy",132
"escape game",131
"buzzer",130
"positive attitude",130
"responsive",130
"open bar",129
"trigger",129
"ollie",128
"blender",127
"Full HD",127
"slick",126
"debater",125
"tramp",125
"hovercraft",124
"kidnappeur",124
"flasher",123
"stretching",122
"backer",121
"abysse",119
"all right",119
"customiser",119
"lipstick",119
"gamification",118
"outlaw",118
"screening",118
"self-government",118
"aussie",117
"facing",116
"steamer",116
"surf des neiges",116
"tattoo",116
"cost-killer",115
"knock-down",115
"laptop",115
"bodyguard",114
"cellular",114
"spotlight",114
"teen movie",114
"looping",113
"calibration",112
"half-track",112
"open access",112
"room service",112
"citizen-band",111
"punchline",111
"shed",111
"batch",110
"rhapsodique",110
"shaming",110
"blackout",109
"grab",109
"name and shame",109
"streamer",109
"tip top",109
"tilbury",108
"checker",107
"morphing",107
"steampunk",107
"cooler",106
"king size",106
"saoudi",106
"stop-motion",106
"flippant",105
"team building",105
"truster",105
"girly",104
"shopper",104
"ditch",103
"donut",103
"handler",103
"infotainment",103
"pattern",103
"pitcher",103
"racer",103
"comeback",102
"gigafactory",102
"goodies",102
"liker",102
"nenets",102
"Nenets",102
"ruling",102
"smooth",102
"sideman",101
"stencil",101
"trance",101
"steamboat",100
"délayer",99
"ruck",99
"after-shave",97
"baby blues",97
"coliving",97
"idiosyncrasie",97
"name-dropping",97
"chop",96
"RGB",96
"webtélé",96
"lunch-box",95
"roller-derby",95
"roller derby",95
"Thanksgiving Day",95
"toaster",95
"catering",94
"curve",94
"banana split",93
"bottom-up",93
"bundle",93
"lobbyisme",93
"pricing",93
"betting",92
"hillbilly",92
"linkage",92
"sexting",92
"skater",92
"soul jazz",92
"club-sandwich",91
"club sandwich",91
"flagship",91
"front office",91
"mixtape",90
"CrossFit",89
"guts",89
"urdu",89
"customisation",88
"flex-office",88
"flex office",88
"op art",88
"popstar",88
"touchdown",87
"bine",86
"licensing",86
"superwoman",86
"bloomer",85
"brand new",85
"doggy bag",85
"paintball",85
"squire",85
"all inclusive",84
"freemium",84
"locker",84
"revivalisme",84
"chum",83
"peppermint",83
"slasher",83
"babyphone",82
"briefer",82
"shack",82
"sportsman",82
"stride",82
"badass",81
"hoodie",81
"incentive",81
"préquelle",81
"push-up",81
"time-lapse",81
"businesswoman",80
"jogger",80
"round-up",80
"strap",80
"cheeseburger",79
"hurdler",79
"flaperon",78
"implémentation",78
"rowing",78
"self-défense",78
"slot",78
"full time",77
"zoning",77
"free-floating",76
"free floating",76
"golden parachute",76
"highlife",76
"home cinema",76
"bodybuilding",75
"business is business",75
"girl power",75
"lean management",75
"peer-review",75
"flush",74
"leak",74
"nursing",74
"reprint",74
"ripper",74
"top-down",74
"anyway",73
"whistleblower",73
"crop top",72
"die-in",72
"beatbox",71
"drift",71
"happy hour",71
"marshmallow",71
"starting-block",71
"starting block",71
"tumbling",70
"cheesecake",69
"crasher",69
"fracking",69
"revert",69
"thug",69
"téléshopping",68
"wrap",68
"flashmob",67
"pager",67
"the place to be",67
"true crime",67
"bulk",66
"eye-liner",66
"nineties",66
"skunk",66
"dago",65
"redneck",65
"screw",65
"watcher",65
"fading",64
"hotspot",64
"opt-in",64
"sleeper",64
"tennis-elbow",64
"baby-boomer",63
"baby boomer",63
"notebook",63
"whodunit",63
"déconfliction",62
"fairway",62
"lyric",62
"milk-shake",62
"peanut",62
"royalty",62
"upcycling",62
"fanclub",61
"storyboard",61
"brake",60
"timeshare",60
"tiny house",60
"check-in",59
"chopper",59
"clubber",59
"designeuse",59
"slow motion",59
"smartwatch",59
"footage",58
"jet-setteur",58
"préquel",58
"clapping",57
"mille nautique",57
"panic room",57
"regular",57
"warm up",57
"bore-out",56
"deale",56
"démoniser",56
"double-pas",56
"Ironman",56
"swag",56
"chainsaw",55
"ethnicisme",55
"feud",55
"hoverboard",55
"lipdub",55
"ratchet",55
"full-contact",54
"long drink",54
"mound",54
"personal shopper",54
"spare",54
"catwalk",53
"implémenter",53
"prequel",53
"sink",53
"speakeasy",53
"speedrun",53
"swatting",53
"travelogue",53
"win-win",53
"blueprint",52
"déceptif",52
"due diligence",52
"furry",52
"green washing",52
"private joke",52
"pusher",52
"rack",52
"smoking gun",52
"beamer",50
"car-jacking",50
"car jacking",50
"control freak",50
"cute",50
"middle office",50
"bearing",49
"congruence",49
"dispatcher",49
"extra-dry",49
"food-court",49
"lacrosse",49
"speedway",49
"topi",49
"dump",48
"matcher",48
"pole dance",48
"pooling",48
"steel band",48
"bubble tea",47
"deep tech",47
"line up",47
"wakeboard",47
"follower",46
"harnacher",46
"page-turner",46
"caper",45
"clinch",45
"dull",45
"lindy hop",45
"reborn",45
"rewriting",45
"struggle for life",45
"trunk",45
"air guitar",44
"basiquement",44
"binger",44
"cow-girl",44
"cybersquatting",44
"New Jack",44
"beefeater",43
"dummy",43
"heel",43
"marketer",43
"roadie",43
"wishful thinking",43
"finning",42
"jet-setteuse",42
"scrapbook",42
"show-man",42
"spring break",42
"steering",42
"tinker",42
"bartender",41
"chemsex",41
"dealeuse",41
"fact-checker",41
"spinner",41
"dike",40
"disrupter",40
"gentleman-rider",40
"HSV",40
"nope",40
"halfpipe",39
"monkeypox",39
"blind test",38
"Blue Monday",38
"GFE",38
"lawfare",38
"scalper",38
"senseur",38
"bestseller",37
"buffer",37
"goon",37
"gremlin",37
"mansplaining",37
"racks",37
"zipper",37
"binge watching",36
"cleaner",36
"fluent",36
"grind",36
"kite-surf",36
"lifter",36
"nice guy",36
"scrap",36
"scrapbooking",36
"biller",35
"bootlegger",35
"hard-edge",35
"Purple Heart",35
"scrapie",35
"slipper",35
"teach-in",35
"tubing",35
"ufologie",35
"car wash",34
"fixie",34
"football de table",34
"mastering",34
"moonshine",34
"perche à selfie",34
"scratcher",34
"bromance",33
"cardio-training",33
"clinker",33
"epoch",33
"home run",33
"médiévalisme",33
"photocall",33
"biper",32
"burnout",32
"copycat",32
"flyboard",32
"ghosting",32
"incel",32
"last minute",32
"no-kill",32
"normcore",32
"bodyboard",31
"cheese-cake",31
"cheese cake",31
"coquetel",31
"eurobond",31
"faker",31
"fist-fucking",31
"goofy",31
"hater",31
"self-made-woman",31
"vanity-case",31
"afk",30
"black bass",30
"digital native",30
"scorer",30
"soap-opéra",30
"superpower",30
"AFK",29
"chiller",29
"duplicate",29
"longboard",29
"nugget",29
"reject",29
"taximan",29
"adder",28
"afterwork",28
"airsoft",28
"coronabond",28
"loner",28
"speeder",28
"avoir part",27
"bareback",27
"BFF",27
"blue chip",27
"dealé",27
"EDM",27
"flare",27
"glamping",27
"livestream",27
"loader",27
"locked-in syndrome",27
"nominer",27
"seabubble",27
"showrunneuse",27
"sugar daddy",27
"top case",27
"webmarketing",27
"bodysurf",26
"growler",26
"jetpack",26
"pick and go",26
"shiner",26
"sister-ship",26
"superstore",26
"tougher",26
"backing",25
"butter-oil",25
"capex",25
"cherry picking",25
"choker",25
"cubitainer",25
"cupcake",25
"driller",25
"foodie",25
"intrapreneur",25
"lip dub",25
"overall",25
"phygital",25
"quadrilogie",25
"quark top",25
"sécure",25
"stablecoin",25
"street workout",25
"striking",25
"téléfax",25
"Tigray",25
"batch cooking",24
"bouncer",24
"couponing",24
"floss",24
"Fujairah",24
"gerrymandering",24
"jammer",24
"shake-hand",24
"slut shaming",24
"stormtrooper",24
"tumbler",24
"after work",23
"aidance",23
"cédule",23
"crime scene",23
"escort-boy",23
"escort boy",23
"foot US",23
"gasp",23
"homewear",23
"hurdleuse",23
"onboarding",23
"roadmap",23
"shaver",23
"bookcrossing",22
"chick lit",22
"choke",22
"mapper",22
"musique house",22
"nightclubber",22
"pickle",22
"tumbleweed",22
"baby-boomeur",21
"bodybuilder",21
"boiler",21
"bolter",21
"chessboxing",21
"clasher",21
"forensique",21
"gasper",21
"nonsensique",21
"point to point",21
"touchy",21
"U-turn",21
"wafer",21
"yellowcake",21
"astroturfing",20
"bigbang",20
"bopper",20
"coquetèle",20
"dark store",20
"manspreading",20
"offshoring",20
"plaster",20
"playoff",20
"starlett",20
"switcher",20
"trimmer",20
"ultra-sexy",20
"brander",19
"cheerleader",19
"cleantech",19
"dodgeball",19
"flight tracking",19
"hydrospeed",19
"scale-up",19
"scraper",19
"sleigh",19
"snowboarding",19
"waiter",19
"airboard",18
"crowdlending",18
"dans le pipe",18
"doughnut",18
"drive piéton",18
"dropper",18
"jig",18
"lolcat",18
"showrunneur",18
"touch-and-go",18
"wannabe",18
"actionnable",17
"agritech",17
"body-builder",17
"boyish",17
"checklist",17
"childfree",17
"clutch",17
"fastfood",17
"flip book",17
"fundraiser",17
"goodie",17
"grabs",17
"hangover",17
"hurdleur",17
"idéation",17
"juicer",17
"nudging",17
"oh boy",17
"pull-up",17
"squeezer",17
"stalking",17
"tripper",17
"twist final",17
"ampérage",16
"annexation",16
"astrobiologiste",16
"baffle",16
"carpooling",16
"charcoal",16
"electronic dance music",16
"ferryboat",16
"flipbook",16
"home-jacking",16
"home jacking",16
"insécure",16
"lychee",16
"machine to machine",16
"multitouch",16
"overtime",16
"photo-call",16
"photo call",16
"pornstar",16
"rap game",16
"rétrogaming",16
"supermax",16
"auto-coat",15
"banknote",15
"basher",15
"boardercross",15
"bumper",15
"crackage",15
"freerider",15
"friendzone",15
"lavatory",15
"matchmaking",15
"street medic",15
"wiper",15
"adapteur",14
"appointer",14
"compositing",14
"conf call",14
"cost-killing",14
"cream cheese",14
"dark kitchen",14
"hot rod",14
"longskate",14
"megachurch",14
"murder party",14
"photostat",14
"rollover",14
"smart-power",14
"sociologiste",14
"socket",14
"stepper",14
"agility",13
"aquabike",13
"back-stage",13
"backdraft",13
"bullpup",13
"camgirl",13
"crooneur",13
"digital nomad",13
"euphémistique",13
"freegan",13
"humbug",13
"iodine",13
"looker",13
"muppie",13
"netmarketing",13
"personal shoppers",13
"pippermint",13
"puncher",13
"team leader",13
"ticketing",13
"waitress",13
"contracteur",12
"dance-pop",12
"dorm",12
"f2p",12
"F2P",12
"headbanging",12
"homonymique",12
"phubbing",12
"quick time event",12
"selfcare",12
"sleeping-car",12
"subwoofer",12
"taggeur",12
"triper",12
"turn-off",12
"woofer",12
"best effort",11
"big up",11
"bike life",11
"bookmarker",11
"capabilité",11
"catch and release",11
"custard",11
"dining-room",11
"doomer",11
"dumper",11
"ecocup",11
"edging",11
"exhaust",11
"foodtruck",11
"French Days",11
"loseur",11
"mulching",11
"shaving",11
"shoot them up",11
"skimmer",11
"squall",11
"strapping",11
"toune",11
"tramp steamer",11
"bagpipe",10
"cloud rap",10
"crusher",10
"expérimentaliste",10
"golden-shower",10
"golden shower",10
"greeter",10
"grooming",10
"merchandiser",10
"ok boomer",10
"plywood",10
"prank",10
"scrub",10
"shallon",10
"skimming",10
"stripper",10
"sugar baby",10
"takedown",10
"time to market",10
"upgrader",10
"web to store",10
"workflow",10
"biohacking",9
"catgut",9
"covergirl",9
"crooneuse",9
"doomscrolling",9
"dumpling",9
"fatbike",9
"flight shaming",9
"freerun",9
"gastropub",9
"herding",9
"hose",9
"incrédible",9
"liftière",9
"masterplan",9
"parasport",9
"piercer",9
"plugger",9
"pooler",9
"pré-marketing",9
"shrinkflation",9
"speed-riding",9
"speed riding",9
"splitter",9
"stealthing",9
"techlash",9
"wrench",9
"bit-lit",8
"bit lit",8
"burn-in",8
"downgrade",8
"éditable",8
"jazzwoman",8
"kingmaker",8
"launch control",8
"middleman",8
"murmuration",8
"noob",8
"present perfect",8
"raw food",8
"slicing",8
"stewardess",8
"teambuilding",8
"twit",8
"workation",8
"applicant",7
"autoreverse",7
"babyboom",7
"boggey",7
"burn rate",7
"demake",7
"démarketing",7
"gook",7
"grader",7
"grappling",7
"hyper-sexy",7
"jet-pack",7
"jet pack",7
"lousse",7
"maine coon",7
"micro-maison",7
"motion design",7
"no code",7
"pricer",7
"punch line",7
"push-back",7
"root beer",7
"sartorial",7
"show-woman",7
"sophomore",7
"stand-uppeur",7
"trapping",7
"tweener",7
"whitewashing",7
"air music",6
"allotement",6
"bullpen",6
"carjacking",6
"coachman",6
"codesigner",6
"cryptojacking",6
"débunker",6
"dropage",6
"duckface",6
"encrypter",6
"expression régulière",6
"fitter",6
"flashlight",6
"globetrotteur",6
"héritier apparent",6
"hopepunk",6
"hotdog",6
"loguer",6
"mile nautique",6
"nearshore",6
"networker",6
"newbie",6
"otherkin",6
"pay-to-win",6
"pay to win",6
"pick-up truck",6
"scalabilité",6
"scraps",6
"snowbird",6
"steam-punk",6
"steam punk",6
"stickage",6
"streetluge",6
"vide-dressing",6
"white flight",6
"wishlist",6
"aftershave",5
"air ball",5
"antifouling",5
"aquabiking",5
"arrow-root",5
"ballroom scene",5
"binge-watcher",5
"binge watcher",5
"blowjob",5
"boyscout",5
"bullshitter",5
"bummer",5
"canceller",5
"cardistry",5
"celliste",5
"chiptune",5
"club music",5
"consumérisation",5
"cosplayer",5
"cosplayeuse",5
"domper",5
"être off",5
"fasting",5
"highball",5
"jingoïsme",5
"mes deux cents",5
"OOB",5
"park assist",5
"pass sanitaire",5
"practicabilité",5
"punché",5
"recap",5
"reverter",5
"rusher",5
"screener",5
"sédater",5
"shit storm",5
"short drink",5
"slicer",5
"slowbalisation",5
"smart farming",5
"snowblade",5
"social distancing",5
"splasher",5
"spotter",5
"stand-uppeuse",5
"step-back",5
"stewardesse",5
"stimming",5
"tennessine",5
"toasteur",5
"trigger warning",5
"ulti",5
"voicing",5
"yarn bombing",5
"air sex",4
"airtime",4
"audioblog",4
"banding",4
"blindtest",4
"braker",4
"camérawoman",4
"cheater",4
"clouding",4
"complétiste",4
"douchebag",4
"driveway",4
"flirty-fishing",4
"foreground",4
"fouling",4
"gamping",4
"ghoster",4
"gink",4
"hijacker",4
"imprinting",4
"o-ring",4
"partir en live",4
"pinote",4
"pull-buoy",4
"quadrillion",4
"queerbaiting",4
"quintillion",4
"sadfishing",4
"scalping",4
"seeder",4
"sex-friend",4
"sex friend",4
"smartgrid",4
"smishing",4
"sugar mama",4
"tethering",4
"travelator",4
"tricône",4
"updater",4
"wincher",4
"XOR",4
"adexchange",3
"baby crash",3
"backlog",3
"barebacking",3
"barnstar",3
"bay window",3
"beach cruiser",3
"bed management",3
"BIMBY",3
"bioactif",3
"bodyboarder",3
"bodycon",3
"booklet",3
"brookie",3
"bullshiter",3
"capacitance",3
"chargeback",3
"chip music",3
"corn-flake",3
"cowpox",3
"dashcam",3
"dogsitter",3
"droper",3
"facebooker",3
"femtocell",3
"fisting",3
"inexhaustible",3
"jober",3
"kneeboard",3
"landgrabbing",3
"laydown",3
"leade",3
"novéliser",3
"nowcasting",3
"paddler",3
"patcher",3
"pegging",3
"popsicle",3
"pumptrack",3
"quadruple bogey",3
"randomiser",3
"raques",3
"remasteriser",3
"scottish fold",3
"seabin",3
"selfie-stick",3
"selfie stick",3
"selfie sticks",3
"shortstop",3
"snood",3
"snowkite",3
"topmodel",3
"traileuse",3
"train surfing",3
"transceiver",3
"troubleshooting",3
"upcycler",3
"vegane",3
"véloceman",3
"victim-blaming",3
"victim blaming",3
"wakeskate",3
"youngtimer",3
"actuateur",2
"antenne patch",2
"attaboy",2
"auctorial",2
"B2B2C",2
"babyboomer",2
"babyboomeuse",2
"backspin",2
"biohacker",2
"bluejacking",2
"bodyshaming",2
"botch",2
"british shorthair",2
"buffeting",2
"bullseye",2
"camboy",2
"carport",2
"champing",2
"chapman stick",2
"cheesesteak",2
"crédit révolving",2
"deales",2
"debuff",2
"deck building",2
"demoscene",2
"dickpic",2
"dispersible",2
"dogging",2
"drawback",2
"droppage",2
"éditing",2
"F2M",2
"fix-up",2
"forwarder",2
"freerideur",2
"greenbashing",2
"growshop",2
"guesser",2
"headbang",2
"heatmap",2
"helpdesk",2
"highliner",2
"home-sitting",2
"hot chicken",2
"intermariage",2
"jobboard",2
"journaling",2
"juicing",2
"kayfabe",2
"kitefoil",2
"leaker",2
"lemon-grass",2
"liftman",2
"Mainer",2
"mégachurch",2
"mockumentaire",2
"momager",2
"monaural",2
"mountainboard",2
"multi-user dungeon",2
"noname",2
"nursage",2
"nurser",2
"offboarding",2
"paddleboard",2
"pawnshop",2
"pay-to-play",2
"phoner",2
"phreaker",2
"ploter",2
"plotter",2
"pretexting",2
"psyllium",2
"punching bag",2
"quark down",2
"quick-and-dirty",2
"quick win",2
"RAHOWA",2
"records manager",2
"rewriteur",2
"rolleur",2
"sécuritisation",2
"seedbox",2
"slacktivisme",2
"slaquer",2
"soft skill",2
"spark plug",2
"sun-deck",2
"sun deck",2
"syllabification",2
"toffer",2
"topspin",2
"truckeur",2
"veganes",2
"air time",1
"authoresse",1
"autocoacher",1
"autoresse",1
"Baby Boks",1
"baby bump",1
"backstory",1
"badluck",1
"beurre de peanut",1
"bioamine",1
"biocluster",1
"biomagnification",1
"blacksploitation",1
"blendeur",1
"bookmarquer",1
"boumeur",1
"boxspring",1
"c-in",1
"catfishing",1
"chargeable",1
"cheerleadeur",1
"cheerleadeuse",1
"chickenburger",1
"citizens band",1
"color blindness",1
"compounder",1
"conlanger",1
"corn dog",1
"cosplayeur",1
"cross-docking",1
"cut away",1
"dad bod",1
"datasheet",1
"dipper",1
"dog dancing",1
"dongle",1
"drummeur",1
"dry-tooling",1
"en download",1
"euro-bashing",1
"facepalm",1
"feeler",1
"fetcher",1
"fidget spinner",1
"flair bartending",1
"flapping",1
"flashover",1
"fog computing",1
"gagging",1
"gays-friendly",1
"glamour stock",1
"grip control",1
"half-and-half",1
"header bidding",1
"homejacking",1
"IGZO",1
"immunisable",1
"inexpressible",1
"intrapreneuse",1
"jigger",1
"jingoïste",1
"knocker",1
"laguer",1
"leades",1
"live-twitter",1
"lookisme",1
"looseuse",1
"mallee",1
"man-bun",1
"man bun",1
"manslamming",1
"mappeur",1
"masteriser",1
"mind map",1
"mockbuster",1
"moofer",1
"moofing",1
"mot porte-manteau",1
"mug cake",1
"musique 8-bit",1
"negative split",1
"new half",1
"novelliser",1
"octaver",1
"on fleek",1
"ouatcher",1
"outsourcer",1
"packshot",1
"palatable",1
"paralégal",1
"pet sitting",1
"piqueupe",1
"powerlifting",1
"quoter",1
"rechallenger",1
"releaser",1
"remailer",1
"roller in line hockey",1
"roughman",1
"runneur",1
"scratch and sniff",1
"se scratcher",1
"sélecter",1
"selfier",1
"sexfriend",1
"shoot ’em up",1
"sick-lit",1
"singlet",1
"slashing",1
"slingback",1
"snowscoot",1
"snowskate",1
"speed rider",1
"spline",1
"spork",1
"spring breaker",1
"stop stick",1
"strobing",1
"struggleforlifiser",1
"struggler",1
"tagline",1
"tech lead",1
"technicalité",1
"tiger-kidnapping",1
"unfriender",1
"upscaler",1
"vaxxie",1
"wakesurf",1
"webmarketer",1
"wetsuit",1
"winneuse",1
"zone intertidale",1
"adultescent",0
"adultescente",0
"affiant",0
"affiante",0
"afforder",0
"aircooling",0
"algospeak",0
"alimonie",0
"all dressed",0
"androphone",0
"antenne ground plane",0
"anthropolite",0
"aquarunning",0
"authoress",0
"autism-friendly",0
"auto-coacher",0
"autoploguer",0
"B-spline",0
"babyboomeur",0
"babybox",0
"back-store",0
"backmasking",0
"backstore",0
"backtesting",0
"badloque",0
"badloqué",0
"badlucké",0
"bamping",0
"barganne",0
"batch cooker",0
"batchée",0
"bearings de roue",0
"bike jacking",0
"bikewashing",0
"binge-watcheur",0
"binge-watcheuse",0
"binge watcheur",0
"binge watcheuse",0
"bioherm",0
"blackette",0
"bloc heater",0
"blue Paul",0
"blue waffle",0
"boat à voile",0
"body surfing",0
"boîte de pick-up",0
"bouton radio",0
"breadboard",0
"bréquer",0
"broadcast storm",0
"brutal death metal",0
"bucksaw",0
"bullfinch",0
"bungee-jumping",0
"bungee jumping",0
"bungy-jumping",0
"burndown chart",0
"busboy",0
"busgirl",0
"buy to win",0
"c-out",0
"câbles à booster",0
"café nitro",0
"cake designer",0
"calvette",0
"cameltoe",0
"camérawomen",0
"cap de roue",0
"carveboard",0
"caster board",0
"casual day",0
"CD bootable",0
"chemtrail",0
"cherrypicker",0
"chicklit",0
"childfreeisme",0
"chillaxer",0
"chip leader",0
"chute à déchets",0
"chute à linge",0
"city trekking",0
"citytrip",0
"clienteling",0
"co-designer",0
"code-switching",0
"collectoriser",0
"colour-blindness",0
"colourpoint shorthair",0
"commiteur",0
"containériser",0
"continuation bet",0
"copagande",0
"copyvio",0
"coronawashing",0
"cosplaying",0
"coursing",0
"crazy carpet",0
"creampie",0
"créditable",0
"cross-merchandising",0
"crossgolf",0
"crossgolfer",0
"crowdinnovation",0
"crowdinvesting",0
"crown-glass",0
"cubewano",0
"cursorjacking",0
"customing",0
"dashlet",0
"dead name",0
"deadname",0
"décrépitation",0
"déférable",0
"déflationnaire",0
"dégausser",0
"dégentrifier",0
"déloader",0
"délocker",0
"dépester",0
"déplugger",0
"dépluguer",0
"dépriver",0
"désambiguation",0
"dessiqué",0
"digiscrap",0
"dimmer",0
"director’s cut",0
"disabilité",0
"discarter",0
"docs controller",0
"dormitoir",0
"downgrader",0
"drift trike",0
"drive-way",0
"drummeuse",0
"e-merchandiser",0
"écocup",0
"eddoe",0
"en upload",0
"enby",0
"Encélade",0
"endianisme",0
"étampe",0
"être down",0
"être mindé",0
"être wanted",0
"eurobashing",0
"exotic shorthair",0
"expérienceur",0
"extradry",0
"facecam",0
"fakelore",0
"fancy-fair",0
"fanout",0
"fansubber",0
"fastefoude",0
"fed batch",0
"felching",0
"final week",0
"financialisation",0
"findom",0
"fingerprinter",0
"fistball",0
"five o’clock bridge",0
"five o’clock tea",0
"flashballer",0
"flashbang",0
"flexeur",0
"flexting",0
"flooder",0
"flowboard",0
"flusher",0
"focusser",0
"foot plant",0
"foot push",0
"footbag",0
"footjob",0
"freeboard",0
"freebord",0
"freeconomics",0
"freefight",0
"freefighter",0
"freerideuse",0
"freeruner",0
"fretting",0
"frunk",0
"fuck me boots",0
"full ipon",0
"furni",0
"fursuit",0
"gamick",0
"gangsteresse",0
"gasket",0
"gaytto",0
"genderfuck",0
"geocacher",0
"géocast",0
"GIF invisible",0
"gin palace",0
"goaler",0
"goaleur",0
"goaleuse",0
"grammar nazi",0
"grapplings",0
"grid girl",0
"grimdark",0
"hand deploy",0
"handlebar",0
"handstand pushup",0
"hard-kill",0
"hardbat",0
"harnachable",0
"headis",0
"heat burst",0
"home-sitter",0
"hostmask",0
"hot drink",0
"hyperburst",0
"i.e.",0
"iBuyer",0
"ice-foot",0
"ilysm",0
"imageshacker",0
"in game time",0
"inboxer",0
"inframarginal",0
"initialisme",0
"intrapreneure",0
"j’y go",0
"jack-o’-lantern",0
"juice jacking",0
"kebla",0
"kerning",0
"keyboardiste",0
"kite buggy",0
"kitewing",0
"kitten heel",0
"knicker-bocker",0
"layup",0
"LD 50",0
"lead dev",0
"lead developer",0
"lead nurturing",0
"lead technique",0
"leadé",0
"leadés",0
"leakeur",0
"leaseur",0
"leecher",0
"Let’s Play",0
"lezdom",0
"lgbti-friendly",0
"LGBTI-friendly",0
"listicle",0
"looseur",0
"M2F",0
"mamène",0
"manbraid",0
"mappeuse",0
"masquerading",0
"match moving",0
"médecine forensique",0
"mes deux centimes",0
"mettre l’emphase sur",0
"micro-trading",0
"midaméricain",0
"monoboard",0
"moob",0
"mot-portemanteau",0
"muffler",0
"mugcake",0
"multi-tenant",0
"napkin",0
"no man’s land",0
"noblebright",0
"noobie",0
"nopologie",0
"obvieux",0
"off-market",0
"okédou",0
"on y go",0
"openeur",0
"overbet",0
"overclass",0
"overslide",0
"p.m.",0
"p2w",0
"P2W",0
"paddé",0
"pageur",0
"panelliste",0
"parklet",0
"patchage",0
"peak flow",0
"pegasister",0
"pen gun",0
"penta-core",0
"penta-cores",0
"pet sitter",0
"phnober",0
"phoneshop",0
"photoblog",0
"photon mapping",0
"phrasal verb",0
"picocell",0
"piloxing",0
"pin’s",0
"pistol squat",0
"playlister",0
"ploguer",0
"poolhouse",0
"popcake",0
"portlet",0
"positive split",0
"post-build",0
"pré-build",0
"pré-gripping",0
"pregripping",0
"prégripping",0
"préjob briefing",0
"premake",0
"prendre une marche",0
"proppant",0
"proxyser",0
"puppetiser",0
"putalike",0
"quad pumped",0
"quadrant I",0
"quadrant II",0
"quadrant III",0
"quadrant IV",0
"quantifieur",0
"quarks beauty",0
"question-tag",0
"rashguard",0
"re-follower",0
"réacter",0
"real time attack",0
"rebackuper",0
"rebasher",0
"redéploguer",0
"redispatching",0
"réflecter",0
"refollower",0
"reforwarder",0
"reglamouriser",0
"regrowing",0
"rephoner",0
"rephraser",0
"repiercer",0
"repinger",0
"rerandomiser",0
"rerusher",0
"réseau overlay",0
"réseaux overlay",0
"resélecter",0
"résistor",0
"resizer",0
"résolver",0
"responsiviser",0
"restarter",0
"retorquer",0
"retrimer",0
"réuploader",0
"rewriteuse",0
"RGBW",0
"ringback tone",0
"rollerderby",0
"rolleuse",0
"rooftopper",0
"running addict",0
"scalant",0
"scalp popping",0
"scriptlet",0
"se fap",0
"se fighter",0
"se shaver",0
"sextillion",0
"shakhand",0
"shed à bois",0
"shoddy",0
"shortlister",0
"shoulder surfing",0
"shuffle board",0
"shuffleboard",0
"silver shaded",0
"singeing",0
"single leg",0
"single speed",0
"sintering",0
"skibike",0
"skidder",0
"slaque",0
"sleevé",0
"sleever",0
"smartphonite",0
"smatte",0
"snakeboard",0
"snowbike",0
"snowclone",0
"snowcross",0
"snowdeck",0
"soft-kill",0
"souscyclage",0
"sparclette",0
"speed bike",0
"splog",0
"squeegee",0
"stararchitecte",0
"stashing",0
"stim toy",0
"stimtoy",0
"story point",0
"street surfing",0
"streetboard",0
"striping tape",0
"struggle for lifeur",0
"struggleforlifeur",0
"struggleforlifeuse",0
"superthreading",0
"sur-digitalisé",0
"surdigitalisé",0
"surdigitaliser",0
"SWERF",0
"swigner",0
"switcher à off",0
"tag team",0
"takt time",0
"tamsat",0
"tank à eau chaude",0
"tank à gaz",0
"tank à lait",0
"targetter",0
"team-out",0
"team lead",0
"télévoting",0
"température opérative",0
"teotwawki",0
"tilt-shift",0
"timeboxer",0
"timeboxing",0
"tinque",0
"tiper",0
"todo list",0
"towing",0
"towingner",0
"transmom",0
"traveller’s chèque",0
"traveller’s chèques",0
"tree sitting",0
"trillwave",0
"TTFB",0
"tuneur",0
"tuneuse",0
"umbrella girl",0
"upscaling",0
"velvétien",0
"viscidium",0
"vishing",0
"wakefoil",0
"water sky",0
"watercooling",0
"waveboard",0
"wedding planneur",0
"wild-boaring",0
"wildboaring",0
"windshield",0
"wingfoil",0
"wingwalker",0
"winneur",0
"winteriser",0
"wishlister",0
"wobbling",0
"womanspreading",0
"X-board",0
"yes life",0
"zillion",0
